imgsz,conf,samples,mean_ms,median_ms,p95_ms,fps
640,0.25,50,3.073752200070885,3.0700570005137706,3.2077950017992407,325.3352693743297
1024,0.25,50,4.088816319999751,4.092739500265452,4.1792089978116564,244.56955796930026
